request,slot,status
1,1039,409
2,1039,409
3,1039,409
4,1039,409
5,1039,201
6,1039,409
7,1039,409
8,1039,409
9,1039,409
10,1039,409
11,1039,409
12,1039,409
13,1039,409
14,1039,409
15,1039,409
16,1039,409
17,1039,409
18,1039,409
19,1039,409
20,1039,409
21,1039,409
22,1039,409
23,1039,409
24,1039,409
25,1039,409
26,1039,409
27,1039,409
28,1039,409
29,1039,409
30,1039,409
31,1039,409
32,1039,409
33,1039,409
34,1039,409
35,1039,409
36,1039,409
37,1039,409
38,1039,409
39,1039,409
40,1039,409
41,1039,409
42,1039,409
43,1039,409
44,1039,409
45,1039,409
46,1039,409
47,1039,409
48,1039,409
49,1039,409
50,1039,409
